filename,n_perm,null_min,null_max,null_mean,test_stat,p_value
rootedtree_1.txt,50,0.07343652214862757,0.10312143248423583,0.08799351780994442,0.1700855800423098,0.0
rootedtree_1.txt,50,0.07382848915160548,0.1135612192498377,0.08786693209875589,0.13971849083935006,0.0
rootedtree_2.txt,50,0.06119538095264054,0.11605635000923382,0.08176347581874657,0.09839189471402264,0.08
rootedtree_3.txt,50,0.012083396844751319,0.02044789857763646,0.015486640811714641,0.016453686114200554,0.24
rootedtree_4.txt,50,0.06156234602935989,0.10772538826501024,0.08436210998222742,0.4222972172143793,0.0
rootedtree_5.txt,50,0.06527188587759486,0.11905215462872713,0.08501557760794178,0.11097637689267438,0.02
rootedtree_6.txt,50,0.07261491894853968,0.11081608739331052,0.08910571785978534,0.12455356186587171,0.0
rootedtree_7.txt,50,0.007614612950418289,0.012362618836520173,0.009988162439127543,0.009288289821473448,0.84
rootedtree_8.txt,50,0.06477957577771769,0.1371527169552104,0.08602010882006686,0.5570389520353991,0.0
rootedtree_9.txt,50,0.05703601328778028,0.1039509111208058,0.07628085069621134,0.10573930121211385,0.0
rootedtree_10.txt,50,0.0700147002716978,0.1057367339268363,0.08595904291236676,0.13746087385203895,0.0
rootedtree_11.txt,50,0.06245064767878322,0.12273804930932403,0.08535464345881147,0.4595401329335645,0.0
rootedtree_12.txt,50,0.012657981477301194,0.03734525584144822,0.02287790554369167,0.0316488850919585,0.04
rootedtree_13.txt,50,0.07177326688736867,0.11026520667025613,0.0875983587757024,0.11880114843352765,0.0
rootedtree_14.txt,50,0.04756129354992161,0.09394474073165031,0.06803492657818784,0.0843542955437367,0.08
rootedtree_15.txt,50,0.053947861753712134,0.10534886513727162,0.07248936252114041,0.0930831653298742,0.04
rootedtree_16.txt,50,0.06992445110053762,0.1130553943296637,0.0879226191264485,0.1260754469542396,0.0
rootedtree_17.txt,50,0.016417871990262733,0.036853003814422976,0.021906638457930887,0.019486249686840935,0.7
rootedtree_18.txt,50,0.0580224473341002,0.11482677784553579,0.07848221648737176,0.08758752771522553,0.18
rootedtree_19.txt,50,0.06988713232319392,0.115282683024751,0.08571721912586536,0.3259823887749611,0.0
rootedtree_20.txt,50,0.012597350253324499,0.01866122205705139,0.015358374626023224,0.014871869356917988,0.66
rootedtree_21.txt,50,0.01062901289072883,0.018992219269327048,0.013553004961745213,0.014106729114431686,0.34
rootedtree_22.txt,50,0.01682063276317965,0.030641874034446494,0.023090146584985486,0.03256823680652916,0.0
rootedtree_23.txt,50,0.02057178187766437,0.05411866426307536,0.028493021339738803,0.027106789261876603,0.4
rootedtree_24.txt,50,0.06257553643056246,0.10237850512094855,0.08009868960477727,0.13601261350049476,0.0
rootedtree_25.txt,50,0.010263092473132888,0.01774066085812659,0.013638783906594351,0.012499050915301624,0.68
rootedtree_26.txt,50,0.009220008114957448,0.0214227550487965,0.013132171201703,0.014306606062056658,0.16
rootedtree_27.txt,50,0.008036240202789669,0.014040229219315789,0.011104372761200115,0.01273198613180257,0.06
rootedtree_28.txt,50,0.05662104346532994,0.12228635268270163,0.07459366802362895,0.1098778345807118,0.02
rootedtree_29.txt,50,0.07202534913645249,0.12688915548402543,0.09162964846973803,0.1751771542167318,0.0
rootedtree_30.txt,50,0.06665377596467545,0.0997639061840735,0.0837434377517238,0.08940005864648871,0.24
rootedtree_31.txt,50,0.07831264460381428,0.12177100368091434,0.09418342699321214,0.15528736408106542,0.0
rootedtree_32.txt,50,0.07526534740893907,0.11553143024316699,0.08892900571563021,0.10085812295277381,0.06
rootedtree_33.txt,50,0.007099267451652318,0.011945513782267075,0.008724613780959399,0.009136145349247015,0.34
rootedtree_34.txt,50,0.008955051224912709,0.015008965461494155,0.011359818893722038,0.012538161990365618,0.1
rootedtree_35.txt,50,0.07191731072244018,0.12378579176015288,0.08692158087116049,0.345145090924147,0.0
rootedtree_36.txt,50,0.07061059456843294,0.14707588059544302,0.09211092932124551,0.099049328375157,0.18
rootedtree_37.txt,50,0.06680215496131373,0.10711242894059891,0.08779116153985075,0.2173184851833159,0.0
rootedtree_38.txt,50,0.010370286352749744,0.017581751380629812,0.01352789073229735,0.013417379637021937,0.46
rootedtree_39.txt,50,0.06257804576460196,0.11200826935318416,0.08455769953795603,0.09319244087104163,0.22
rootedtree_40.txt,50,0.06493310493580297,0.11785468634920554,0.08628630482657222,0.150460031357967,0.0
rootedtree_41.txt,50,0.0712801973142434,0.1109175264890923,0.08718011284757025,0.12241167053259472,0.0
rootedtree_42.txt,50,0.07087598258192736,0.10773177485259423,0.08619558360690642,0.12433652123022525,0.0
rootedtree_43.txt,50,0.009132879224093659,0.015386341047541378,0.010869069053042128,0.009244604343330043,0.92
rootedtree_44.txt,50,0.0670949891030149,0.12072194028466257,0.0908386918993985,0.20738680908505178,0.0
rootedtree_45.txt,50,0.07446070070990769,0.12076414685650042,0.08796011812775133,0.2609993727207534,0.0
rootedtree_46.txt,50,0.06838839030525516,0.10541086373233102,0.08576315285532482,0.16696115915838458,0.0
rootedtree_47.txt,50,0.07089530488889771,0.12002871171046477,0.09050385280324522,0.12131013953178856,0.0
rootedtree_48.txt,50,0.07645643097247856,0.11806704192936283,0.09191342974674237,0.11566675704823744,0.02
rootedtree_49.txt,50,0.06494049382451544,0.1796316010302863,0.08335566877464924,0.4576820021587488,0.0
rootedtree_50.txt,50,0.016511513970980277,0.028218700587325438,0.02135234015149713,0.0213128827284141,0.46
rootedtree_51.txt,50,0.06289238430948979,0.11918623177972318,0.0853596176237955,0.38129662545537435,0.0
rootedtree_52.txt,50,0.01402566869337616,0.031092318580268407,0.020140389341087403,0.020787458956958504,0.34
rootedtree_53.txt,50,0.03715061165265279,0.09331554031347765,0.05380423903824207,0.08086243582481371,0.06
rootedtree_54.txt,50,0.04518142344913106,0.11487407206962608,0.06097540363827861,0.06728901659253697,0.24
rootedtree_55.txt,50,0.05043413147019267,0.0913888183940373,0.06197474138540153,0.08161099931665831,0.1
rootedtree_56.txt,50,0.06688650218467801,0.10765705541631572,0.08506005518401234,0.09507475780917708,0.22
rootedtree_57.txt,50,0.06553370274990959,0.1566933162108446,0.08781810939366115,0.39930456889614024,0.0
rootedtree_58.txt,50,0.059901982960295856,0.11941630918176577,0.07682485362267286,0.08533036088560998,0.18
rootedtree_59.txt,50,0.0698495772358326,0.1101809970054078,0.08611317402734082,0.3870908587511365,0.0
rootedtree_60.txt,50,0.0112402487418112,0.022717979792793733,0.014608814745025657,0.013077327424504024,0.66
rootedtree_61.txt,50,0.07183463356316026,0.10603883109169265,0.08674523081278236,0.20802440579782425,0.0
rootedtree_62.txt,50,0.07549305755884649,0.1215595902986676,0.09516033037261401,0.2505195290675983,0.0
rootedtree_63.txt,50,0.015229422415362109,0.04248352630844772,0.022092308039960963,0.03530824583440901,0.02
rootedtree_64.txt,50,0.024530843202148274,0.06147576417609945,0.035350220271380906,0.04136021314103693,0.2
rootedtree_65.txt,50,0.05709350445368276,0.09290019185176092,0.07361115089253206,0.09736605041996167,0.0
rootedtree_66.txt,50,0.07018530491911056,0.1175173088567606,0.08993134454054226,0.15086856875224272,0.0
rootedtree_67.txt,50,0.06461346842567314,0.12447775376856907,0.08423313153702763,0.10544125208279194,0.02
rootedtree_68.txt,50,0.008289559954635794,0.017290403589817923,0.011623577891115795,0.010584663631556116,0.7
rootedtree_69.txt,50,0.07276729336031275,0.10821845283194503,0.08929425537360441,0.11659778484885466,0.0
rootedtree_70.txt,50,0.07117256249830844,0.15357426855242956,0.08999003252051443,0.10886591532572412,0.1
rootedtree_71.txt,50,0.009121267815479478,0.013829584675827494,0.011301084120456727,0.014997021482559979,0.0
rootedtree_72.txt,50,0.06610023219510804,0.10960528781377343,0.08171468893081901,0.10069875813115152,0.02
rootedtree_73.txt,50,0.01658703590426358,0.0274158757101865,0.021943429954261417,0.02990488124011851,0.0
rootedtree_74.txt,50,0.05862846593659436,0.10721114138547598,0.08163770826646338,0.5481040812528887,0.0
rootedtree_75.txt,50,0.06851392768876756,0.14209280642349484,0.09014619341462701,0.1721703695511869,0.0
rootedtree_76.txt,50,0.06683018041347956,0.1145629785829822,0.08507709414559957,0.22343796529936996,0.0
rootedtree_77.txt,50,0.009577219099113339,0.01635427616925515,0.012690320030979791,0.014682792568777619,0.1
rootedtree_78.txt,50,0.008793618123626069,0.01643813047757961,0.011271397012609145,0.012039065126158356,0.24
rootedtree_79.txt,50,0.07095149695541074,0.1123762635754583,0.08954677811958023,0.11445711951031055,0.0
rootedtree_80.txt,50,0.06237976489706703,0.10070587070387048,0.07636453749069226,0.09689947111385444,0.02
rootedtree_81.txt,50,0.011116222960916156,0.03427706406981163,0.016337511396097834,0.013589620766025675,0.84
rootedtree_82.txt,50,0.03616425060155728,0.07945850866208345,0.05147061975643802,0.04562727370441398,0.74
rootedtree_83.txt,50,0.012556050062176095,0.02098676673866712,0.015389333564412577,0.015265205094899287,0.42
rootedtree_84.txt,50,0.0807786886793713,0.1293527033205848,0.09581265349666719,0.13998441431619563,0.0
rootedtree_85.txt,50,0.07496568042340339,0.12399807384232159,0.09636948416992565,0.15239401874342415,0.0
rootedtree_86.txt,50,0.07654265089596266,0.1071098136219032,0.08996018839283401,0.1180980724753234,0.0
rootedtree_87.txt,50,0.06366312676658348,0.10376007155758417,0.08176461850470834,0.13626414676608867,0.0
rootedtree_88.txt,50,0.06508736897138746,0.1223896948936197,0.08501958178063201,0.13338194589662639,0.0
rootedtree_89.txt,50,0.07760035275260115,0.12955530124334047,0.09511915779776123,0.15669026157701896,0.0
rootedtree_90.txt,50,0.01809199312693234,0.0379825974078623,0.02336794585866662,0.034376866722891995,0.02
rootedtree_91.txt,50,0.060726397697439684,0.10056360494476878,0.07816528466124337,0.09092341061792235,0.06
rootedtree_92.txt,50,0.007889512743801516,0.01172826823889339,0.00943887767865072,0.008762340652916298,0.66
rootedtree_93.txt,50,0.06700062038760932,0.1040918960694097,0.08578342491309099,0.3399553484453176,0.0
rootedtree_94.txt,50,0.06878253742357672,0.10531972112622541,0.08480959269904713,0.1005120460437908,0.06
rootedtree_95.txt,50,0.0672556403014461,0.13022358842875617,0.08718912165874984,0.11609012827584941,0.02
rootedtree_96.txt,50,0.0703512202117569,0.10062141896938112,0.08515687901816203,0.26743278606430887,0.0
rootedtree_97.txt,50,0.06839995630057243,0.09872517623747154,0.08138864264316804,0.10005463612808177,0.0
rootedtree_98.txt,50,0.010194665891149705,0.01633220641185044,0.0125502674938096,0.012117799002702635,0.64
rootedtree_99.txt,50,0.06781288469831108,0.10924763783807073,0.08293017030454677,0.26536240780480286,0.0
rootedtree_100.txt,50,0.0608792493015439,0.10160940342403978,0.07629048644374826,0.09085919596860488,0.04
rootedtree_101.txt,50,0.014790961520681961,0.029936666431911757,0.01982259025200134,0.02178226507876886,0.18
rootedtree_102.txt,50,0.009628845701336791,0.01582449782950918,0.012121283917283596,0.012465660226009057,0.38
rootedtree_103.txt,50,0.07284686937651248,0.11531857889458358,0.08744028749307102,0.10260272326203981,0.06
rootedtree_104.txt,50,0.01006919107165965,0.01651400225719336,0.012967295056276697,0.012787783152412689,0.54
rootedtree_105.txt,50,0.06267801831237596,0.11817642622614129,0.07834486863889077,0.08541949845044566,0.24
rootedtree_106.txt,50,0.015244863198968837,0.032526849463695384,0.020888504558054573,0.018125343603698527,0.62
rootedtree_107.txt,50,0.01133780822345111,0.017021688172834747,0.013468807014132042,0.013012745893054165,0.6
rootedtree_108.txt,50,0.016540938850701025,0.034357597749064474,0.021478733406396455,0.023460379900826785,0.3
rootedtree_109.txt,50,0.011671257297931972,0.020845174590668838,0.013999156034097553,0.013133656904977661,0.64
rootedtree_110.txt,50,0.05663077842518096,0.10811115036391604,0.07431406386908254,0.07916499467356611,0.34
rootedtree_111.txt,50,0.013143781701616564,0.045474227005532164,0.02064005043773721,0.02310837933461019,0.26
rootedtree_112.txt,50,0.008413282550344679,0.01268849038203255,0.01005446755776803,0.013090452586307297,0.0
rootedtree_113.txt,50,0.04224297819572591,0.08507259780664395,0.056675539392058466,0.07443210725977302,0.04
rootedtree_114.txt,50,0.014820836081507277,0.028094768955238218,0.018605023081059106,0.017424970815965588,0.68
rootedtree_115.txt,50,0.038981975257545494,0.08262862271147987,0.05694745418913746,0.05549458978599531,0.48
rootedtree_116.txt,50,0.014618071999998868,0.028536625019752807,0.02138242207688712,0.018892548137041502,0.8
rootedtree_117.txt,50,0.05856476181491117,0.12975369743948936,0.07659216903745414,0.0803648098031641,0.3
rootedtree_118.txt,50,0.07036045659083723,0.1017062993725981,0.08111503563857367,0.12090237173217552,0.0
rootedtree_119.txt,50,0.06500709446262318,0.12345393278118284,0.08569046031459134,0.4752687766128791,0.0
rootedtree_120.txt,50,0.008967848024853052,0.0209762443943481,0.012434217857268687,0.011022370969747505,0.62
rootedtree_121.txt,50,0.05504423420666629,0.13402874977046936,0.08010646652070992,0.09880679109359537,0.1
rootedtree_122.txt,50,0.0427030809345934,0.0964664108295695,0.05716445119237784,0.09343915590008081,0.02
rootedtree_123.txt,50,0.01608136222688887,0.028257969196339463,0.019707253018467926,0.021429301976281002,0.22
rootedtree_124.txt,50,0.020514486250656674,0.05064235236460807,0.029175462834953952,0.03763527751579498,0.12
rootedtree_125.txt,50,0.06971001876481907,0.1124823599477054,0.09307170592678428,0.12742120371973623,0.0
rootedtree_126.txt,50,0.06462173384831739,0.11174670271116743,0.08657499928840619,0.1462384842761048,0.0
rootedtree_127.txt,50,0.07448338838168746,0.11256209505338136,0.0892206605296583,0.1630496429569851,0.0
rootedtree_128.txt,50,0.07147145736388509,0.1172513553772873,0.09126370873490412,0.11263668507670141,0.02
rootedtree_129.txt,50,0.06896055957774326,0.12504292396435435,0.08684907437062986,0.376608264849995,0.0
rootedtree_130.txt,50,0.06143828047902486,0.11074601116271278,0.07873974827110378,0.1014579591972023,0.04
rootedtree_131.txt,50,0.059537701579225964,0.15669520977408488,0.08581483270392526,0.8914204091096068,0.0
rootedtree_132.txt,50,0.008849038446888967,0.014854318510654349,0.011552462213641954,0.011405556786783653,0.5
rootedtree_133.txt,50,0.06775419756982717,0.1311426090161287,0.09186861554167886,0.09843522543663877,0.28
rootedtree_134.txt,50,0.01362524880083925,0.021319062166116957,0.01785162586895142,0.018164817687369127,0.44
rootedtree_135.txt,50,0.07150108880259791,0.10774415692467333,0.09116668403581736,0.16160195597232907,0.0
rootedtree_136.txt,50,0.04053227412860104,0.8637810856554153,0.11781081398628576,1.9086448177956172,0.0
rootedtree_137.txt,50,0.011176974830232299,0.018072055263996148,0.013673366997887727,0.012430331209454958,0.74
rootedtree_138.txt,50,0.009834784527000208,0.014696167452732257,0.012128648435030536,0.01250514573168588,0.32
rootedtree_139.txt,50,0.06684960926056391,0.12078195054731337,0.0875411357919635,0.12837433964129705,0.0
rootedtree_140.txt,50,0.05727104989082878,0.09443836311798955,0.07139988834044905,0.08706271097682451,0.08
rootedtree_141.txt,50,0.012317639197343903,0.02049403184041342,0.016480020741869314,0.015814112840303752,0.62
rootedtree_142.txt,50,0.0369608172409501,0.09687179148721589,0.055301890513266304,0.06844423594176335,0.14
rootedtree_143.txt,50,0.008822725683301282,0.01596882121313649,0.011993032871910909,0.011583668352342381,0.48
rootedtree_144.txt,50,0.06909517916956626,0.11078219102412407,0.0866416973244758,0.38729627580744147,0.0
rootedtree_145.txt,50,0.07174856965888259,0.10550016937898986,0.08711414438489211,0.12075755376214731,0.0
rootedtree_146.txt,50,0.008443432064411612,0.013538130489049345,0.010433786795089297,0.011112814677351406,0.26
rootedtree_147.txt,50,0.07301906891896687,0.11074433028145228,0.08502865657882827,0.07938533496126736,0.7
rootedtree_148.txt,50,0.05812821179341094,0.10196795377603546,0.07959923428161388,0.10444047145609242,0.0
rootedtree_149.txt,50,0.01013002457810043,0.015988539774196734,0.012309890234400997,0.011380351072301849,0.8
rootedtree_150.txt,50,0.06278580020612039,0.11024021991202715,0.07955703610424963,0.1127195893666439,0.0
rootedtree_151.txt,50,0.05919174412936555,0.11898134889660694,0.08390291214897987,0.12673613826184288,0.0
rootedtree_152.txt,50,0.03986820954574743,0.09969989955297587,0.0610756742671285,0.07525899291738548,0.14
rootedtree_153.txt,50,0.012824072129543127,0.02399339123497943,0.016639519431278352,0.015948246638488463,0.64
